Altium Designer Pick and Place Locations
C:\Users\podonoghue\Documents\Development\CPLD_Programmer\Hardware\Project Outputs for CPLD_Programmer\Pick Place for CPLD_Programmer.csv

========================================================================================================================
File Design Information:

Date:       03/12/19
Time:       22:51
Revision:   Not in VersionControl
Variant:    No variations
Units used: mil

"Designator","Comment","Layer","Footprint","Center-X(mil)","Center-Y(mil)","Rotation","Description"
"C1","2.2uF","TopLayer","CCNP1608-0603","169.000","-102.000","360","Capacitor SMT 0603"
"R10","100 R","TopLayer","CR1608-0603","1086.614","240.157","270","Resistor SMT 0603"
"Z2","SMF05CT1G","TopLayer","SC70_N","897.638","259.342","360","TVS DIODE ARRAY, 100W, 5V, SC-70"
"R9","100 R","TopLayer","CR1608-0603","1086.614","-248.031","270","Resistor SMT 0603"
"R8","100 R","TopLayer","CR1608-0603","1086.614","-125.984","270","Resistor SMT 0603"
"R6","100 R","TopLayer","CR1608-0603","1086.614","118.110","270","Resistor SMT 0603"
"R5","100 R","TopLayer","CR1608-0603","1086.614","-3.937","270","Resistor SMT 0603"
"J2","Header, Female, 6-Pin","BottomLayer","HDR_FEM1X6-RA","1019.685","0.000","270","Header, Female, 6-Pin"
"C13","100nF","TopLayer","CCNP1608-0603","699.756","-249.000","90","Capacitor"
"J1","USB4085-GF-A","TopLayer","USB4085-GF-A","-33.609","0.000","0","USB-C, USB 2.0 Receptacle Connector 16 Position Through Hole, Right Angle"
"Z1","USBLC6-2SC6","TopLayer","SOT23-6_N","173.756","0.000","180","TVS diode array for USB"
"R4","5.1K","TopLayer","CR1608-0603","8.756","-240.000","360","Resistor SMT 0603"
"R3","5.1K","TopLayer","CR1608-0603","8.756","240.000","180","Resistor SMT 0603"
"TP1","TP","TopLayer","TP","925.000","-315.000","0","Test Point"
"C8","100nF","TopLayer","CCNP1608-0603","350.000","27.559","360","Capacitor"
"U5","MK20DX128VLF5","TopLayer","TSQFP50P900X900-48M","649.076","53.669","270","Arm Cortex M4"
"Y1","16 MHz","TopLayer","Crystal_SMD_3.2x2.5","798.756","-255.000","270","Crystal SMD 3.2 x 2.5 x 0.7 mm"
"R1","33ohm","TopLayer","CR1608-0603","350.000","129.921","360","Resistor SMT 0603"
"R2","33ohm","TopLayer","CR1608-0603","350.000","78.740","360","Resistor SMT 0603"
"C6","2.2uF","TopLayer","CCNP1608-0603","350.000","181.102","360","Capacitor SMT 0603"
"C7","100nF","TopLayer","CCNP1608-0603","350.000","232.284","360","Capacitor"
"C9","100nF","TopLayer","CCNP1608-0603","350.000","-65.000","360","Capacitor"
"R7","1K","TopLayer","CR1608-0603","350.000","283.465","360","Resistor SMT"
"D1","LED Red","TopLayer","LED1608-0603-RED","226.969","283.465","360","LED 0603 Red"
